first_name,last_name,dob,phone,email
Donald,Shields,2003-10-26,+1-998-577-3307x596,sergiochandler@example.com
Matthew,Delgado,1998-05-25,001-249-516-9174x5242,kimberly83@example.org
Julie,Mason,1943-02-06,5775716060,bellleah@example.com
Deborah,Wells,1981-02-18,+1-400-977-0750x96194,barbarawilliams@example.com
Michael,Petty,1980-03-20,631-396-3370x8352,ericamoore@example.org
Lauren,Griffin,1952-02-01,268.388.9302x250,charles19@example.net
Robin,Reeves,1997-04-04,671-599-7732x991,hayesdale@example.net
Luis,Smith,1953-11-11,7216104169,davidwalker@example.net
Michael,Johnson,1962-09-24,(688)325-3983,maria94@example.com
Heather,Clark,1943-07-18,354-747-6438x138,bestantonio@example.net
Paul,Scott,1985-05-02,001-493-769-0976x8900,susanchen@example.org
Victoria,Anderson,2004-01-03,+1-578-885-0787x348,vicki53@example.com
Katie,Ochoa,1995-02-12,+1-329-281-1103,nwood@example.com
Cheryl,Knox,1947-05-17,3004543171,keithgibson@example.net
Kelly,Marshall,1980-08-01,446.634.2755,johntapia@example.net
Sandy,Smith,1975-02-06,2215334616,gabriella14@example.com
Deanna,Stevens,1980-11-23,+1-937-647-6109x21894,williamcarey@example.net
Deanna,Thomas,1999-01-22,580.705.2102x096,contrerasgerald@example.org
Ryan,Atkinson,1961-12-20,+1-637-844-4679x05108,jonathan32@example.com
Jennifer,Dominguez,1943-08-23,453-853-9087x9735,huntergonzalez@example.com
Tony,Villanueva,1976-05-24,919-436-4715,timothy29@example.org
Benjamin,Fisher,1944-08-19,+1-632-272-0613x0477,levi07@example.net
David,Berg,1945-04-25,001-581-710-2372x599,eanderson@example.net
Suzanne,Gutierrez,1973-05-06,(717)278-0076x87983,sandersjames@example.org
David,Garcia,1990-05-01,(484)208-7531x857,gregorywade@example.com
Shannon,Cantu,1997-09-29,363.507.5130x4707,diazrenee@example.org
Kim,Hensley,1942-12-18,001-527-456-8796x564,randydillon@example.org
Mary,Osborn,1974-05-15,(621)636-5297,diazeddie@example.com
Michael,Mckay,1997-04-05,844-423-7425x1720,gentryjacob@example.com
Casey,Hale,1969-11-01,001-871-825-7543x24882,pyoung@example.net
Laurie,Walsh,1998-10-28,530.505.5243,kylejohnson@example.org
Bryce,Bryant,1976-03-31,8972631507,jblankenship@example.com
Todd,Dixon,1959-04-14,001-538-751-8755x5202,xdavis@example.com
Michael,Perry,1998-11-20,362-397-0004x5458,jennifer79@example.net
Julia,Serrano,1971-12-31,+1-639-481-1963x53450,walterdiane@example.org
Eric,Williams,1951-04-07,001-798-448-0783x85218,soliscrystal@example.com
Kimberly,Mann,1940-11-21,292-903-6448x9021,callahancorey@example.com
Jennifer,Ross,1978-01-17,897.589.9735x48361,guzmandebbie@example.net
Aaron,Reyes,1966-09-04,+1-911-550-6115x16638,donald06@example.net
Matthew,Hill,1984-07-07,(369)460-5285x320,qklein@example.org
Shannon,Peterson,1991-03-13,+1-427-479-4706x56448,butleralexis@example.net
David,Ramirez,2003-10-30,217-926-2731x25815,samuelharris@example.org
Lori,Donaldson,2000-12-10,8928977107,rachel21@example.org
Brandon,Little,1973-07-23,001-394-327-5147,rubiorobert@example.net
Autumn,Stone,1983-06-04,4442219410,samanthaspencer@example.com
Rebekah,Taylor,2006-11-23,001-461-262-0462,jlewis@example.com
Jennifer,Waters,2005-04-27,(467)416-0884,marcsullivan@example.net
Katherine,Sanders,1974-05-22,001-258-250-9081x886,qarroyo@example.org
Diane,Kane,1955-06-03,849-911-6071x8744,nathanielrowland@example.com
Marcus,Castillo,1973-02-07,(824)779-5181,marcus60@example.org
